﻿{
  "type": "array",
  "background": "#200",
  "margin": "0",
  "content": [
        {
					"type": "array",
					"orientation": "horizontal",
					"margin": "0,0,0,0",
					"content": [
						{
							"type": "array",
							"orientation": "vertical",
							"margin": "-5,-5,0,0",
							"content": [
        {
					"type": "array",
					"orientation": "horizontal",
					"margin": "0,0,0,0",
					"content": [
						{
							"type": "array",
							"orientation": "vertical",
							"margin": "-5,-5,0,0",
							"content": [
								{
									"type": "itemgrid",
									"h_alignment": "center",
									"item_margin": "5,5",
									"rows": [
										[ "knight", "monk", "thief", 

"dragoon", "ninja", "samurai", "berserker" ],
										["ranger", "mystic", "white", 

"black", "time", "summoner", "blue", "red"],
										["beastmaster", "chemist", 

"geomancer", "bard", "dancer", "mimic", "freelancer"],
									]
								},
								
								{
									"type": "itemgrid",
									"h_alignment": "center",
									"item_margin": "0,0",
									"rows": [
										["linver"],
									]
								},
								{
									"type": "itemgrid",
									"h_alignment": "center",
									"item_margin": "5,5",
									"rows": [
										["sinew", "swift"],
										["mighty", "mana"],
										["hero", "requiem"],
										["romeo", "allure"]
									]
								},
										
							]
						},
						{
							"type": "array",
							"orientation": "horizontal",
							"margin": "0,0,0,0",
							"content": [
								{
									"type": "itemgrid",
									"h_alignment": "center",
									"item_margin": "0,0",
									"rows": [
										["linhaa"],
										["linhaa"],
										["linhaa"],
										["linhaa"],
										["linhaa"],
										["linhaa"],
										["linhaa"],
										["linhaa"],
										["linhaa"],
										["linhaa"],
										["linhaa"],
										["linhaa"],
										["linhaa"],
										["linhaa"],
									]
								}
							]
						},
						{
							"type": "array",
							"orientation": "vertical",
							"margin": "-16,5,0,0",
							"content": [
								{
									"type": "itemgrid",
									"h_alignment": "center",
									"item_margin": "5,5",
									"rows": [
										["chocobo", "sylph", "remora"],
										["ifrit", "shiva", "ramuh"],
										["golem", "titan", "shoat"],
										["syldra", "carbuncle", "odin"],
										["levia", "bahamut", "phoenix"]
									]
								},
								{
									"type": "itemgrid",
									"h_alignment": "center",
									"item_margin": "0,-16",
									"rows": [
										["linver"],
									]
								},
								{
									"type": "itemgrid",
									"h_alignment": "center",
									"item_margin": "0,-8",
									"rows": [
										["chicken", "lamp"],
									]
								},
							]
						},
					]
				}
      ]
    },
  ]
}

// boots, (canSpinSpeed), bottle, somaria, bombs, mirror, (pearl, fakeflute), flippers