﻿{  
  "map_enabled": true,
  "auto_pin_capturing_locations": false,
  "auto_unpin_on_clear": true,
  "allow_resize": false,
  "layout_swap_left_right": false,
  "disabled_image_filter": "grayscale, dim",
  "layouts": {
    "shared_item_grid": {
      "type": "array",
      "h_alignment": "horizontal",
      "content": [
        {
					"type": "array",
					"orientation": "horizontal",
					"margin": "0,0,0,0",
					"content": [
						{
							"type": "array",
							"orientation": "vertical",
							"margin": "-5,-5,0,0",
							"content": [
								{
									"type": "itemgrid",
									"h_alignment": "center",
									"item_margin": "5,5",
									"rows": [
										[ "knight", "monk", "thief", 

"dragoon", "ninja", "samurai", "berserker" ],
										["ranger", "mystic", "white", 

"black", "time", "summoner", "blue", "red"],
										["beastmaster", "chemist", 

"geomancer", "bard", "dancer", "mimic", "freelancer"],
									]
								},
								
								{
									"type": "itemgrid",
									"h_alignment": "center",
									"item_margin": "0,0",
									"rows": [
										["linver"],
									]
								},
								{
									"type": "itemgrid",
									"h_alignment": "center",
									"item_margin": "5,5",
									"rows": [
										["sinew", "swift"],
										["mighty", "mana"],
										["hero", "requiem"],
										["romeo", "allure"]
									]
								},
										
							]
						},
						{
							"type": "array",
							"orientation": "horizontal",
							"margin": "0,0,0,0",
							"content": [
								{
									"type": "itemgrid",
									"h_alignment": "center",
									"item_margin": "0,0",
									"rows": [
										["linhaa"],
										["linhaa"],
										["linhaa"],
										["linhaa"],
										["linhaa"],
										["linhaa"],
										["linhaa"],
										["linhaa"],
										["linhaa"],
										["linhaa"],
										["linhaa"],
										["linhaa"],
										["linhaa"],
										["linhaa"],
									]
								}
							]
						},
						{
							"type": "array",
							"orientation": "vertical",
							"margin": "-16,5,0,0",
							"content": [
								{
									"type": "itemgrid",
									"h_alignment": "center",
									"item_margin": "5,5",
									"rows": [
										["chocobo", "sylph", "remora"],
										["ifrit", "shiva", "ramuh"],
										["golem", "titan", "shoat"],
										["syldra", "carbuncle", "odin"],
										["levia", "bahamut", "phoenix"]
									]
								},
								{
									"type": "itemgrid",
									"h_alignment": "center",
									"item_margin": "0,-16",
									"rows": [
										["linver"],
									]
								},
								{
									"type": "itemgrid",
									"h_alignment": "center",
									"item_margin": "0,-8",
									"rows": [
										["chicken", "lamp"],
									]
								},
							]
						},
					]
				}
      ]
    },
    "tracker_capture_item": {
      "type": "container",
      "content": {
        "type": "layout",
        "key": "shared_item_grid"
      }
    },
    "tracker_default": {
      "type": "container",
      "width": 510,
      "height": 370,
      "background": "#212121",
      "content": {
        "dropshadow": true,
        "margin": 5,
        "type": "layout",
        "key": "shared_item_grid"
      }
    }
  }
}